{"cameraMode":{"drawMode":0,"name":"Shaded","section":"Shading Mode"},"sceneLighting":false,"audioPlay":false,"sceneViewState":{"showFog":true,"showMaterialUpdate":false,"showSkybox":false,"showFlares":true,"showImageEffects":true,"showParticleSystems":true},"in2DMode":false,"pivot":{"x":233.6192169189453,"y":-26.157958984375,"z":872.8953247070313},"rotation":{"x":0.5452110171318054,"y":-0.09063323587179184,"z":0.05944490432739258,"w":0.8312622308731079},"size":22.179445266723634,"orthographic":false}