{"cameraMode":{"drawMode":0,"name":"Shaded","section":"Shading Mode"},"sceneLighting":false,"audioPlay":false,"sceneViewState":{"showFog":true,"showMaterialUpdate":true,"showSkybox":false,"showFlares":true,"showImageEffects":true,"showParticleSystems":true},"in2DMode":false,"pivot":{"x":0.7333769798278809,"y":0.5649082660675049,"z":-0.03364153206348419},"rotation":{"x":0.09890357404947281,"y":0.7117724418640137,"z":-0.10234460234642029,"w":0.6878398656845093},"size":3.2451560497283937,"orthographic":false}