{"cameraMode":{"drawMode":0,"name":"Shaded","section":"Shading Mode"},"sceneLighting":false,"audioPlay":false,"sceneViewState":{"showFog":true,"showMaterialUpdate":true,"showSkybox":false,"showFlares":true,"showImageEffects":true,"showParticleSystems":true},"in2DMode":false,"pivot":{"x":299.880615234375,"y":20.47820281982422,"z":266.48150634765627},"rotation":{"x":0.49333828687667849,"y":0.26834648847579958,"z":-0.15959082543849946,"w":0.8118733763694763},"size":140.18763732910157,"orthographic":false}