{"cameraMode":{"drawMode":0,"name":"Shaded","section":"Shading Mode"},"sceneLighting":true,"audioPlay":false,"sceneViewState":{"showFog":true,"showMaterialUpdate":true,"showSkybox":true,"showFlares":true,"showImageEffects":true,"showParticleSystems":true},"in2DMode":false,"pivot":{"x":-247.1563720703125,"y":47.188018798828128,"z":216.561279296875},"rotation":{"x":-0.07179837673902512,"y":0.4948294162750244,"z":-0.04107050225138664,"w":-0.8650445342063904},"size":1659.88232421875,"orthographic":false}