{"cameraMode":{"drawMode":0,"name":"Shaded","section":"Shading Mode"},"sceneLighting":false,"audioPlay":false,"sceneViewState":{"showFog":true,"showMaterialUpdate":true,"showSkybox":false,"showFlares":true,"showImageEffects":true,"showParticleSystems":true},"in2DMode":false,"pivot":{"x":200.025634765625,"y":0.9550027847290039,"z":284.23272705078127},"rotation":{"x":0.49333828687667849,"y":0.26834648847579958,"z":-0.15959082543849946,"w":0.8118733763694763},"size":139.36837768554688,"orthographic":false}