{"cameraMode":{"drawMode":0,"name":"Shaded","section":"Shading Mode"},"sceneLighting":false,"audioPlay":false,"sceneViewState":{"showFog":true,"showMaterialUpdate":true,"showSkybox":false,"showFlares":true,"showImageEffects":true,"showParticleSystems":true},"in2DMode":false,"pivot":{"x":193.72760009765626,"y":46.38446807861328,"z":305.4119873046875},"rotation":{"x":-0.023958513513207437,"y":-0.9365758895874023,"z":0.34498849511146548,"w":-0.05687382072210312},"size":130.9026641845703,"orthographic":false}