{"cameraMode":{"drawMode":0,"name":"Shaded","section":"Shading Mode"},"sceneLighting":false,"audioPlay":false,"sceneViewState":{"showFog":true,"showMaterialUpdate":true,"showSkybox":false,"showFlares":true,"showImageEffects":true,"showParticleSystems":true},"in2DMode":false,"pivot":{"x":-39.867218017578128,"y":1.9936506748199463,"z":-44.74483871459961},"rotation":{"x":0.029541971161961557,"y":-0.46152666211128237,"z":0.015381142497062683,"w":0.8865009546279907},"size":10.30968189239502,"orthographic":false}